<?xml version="1.0" encoding="UTF-8" standalone="yes"?>
<addon id="plugin.video.sktonline"
       name="SkTonline"
       version="1.0.0"
       provider-name="SKTOnline">
    <requires>
        <import addon="xbmc.python" version="3.0.0"/>
    </requires>
    <extension point="xbmc.addon.metadata">
        <summary lang="en">Stream movies and series from SkTonline (online.sktorrent.eu)</summary>
        <description lang="en">Watch movies, series, and documentaries from SkTonline. Multiple categories and video qualities available.</description>
        <platform>all</platform>
        <language>en</language>
        <license>MIT</license>
        <source>https://online.sktorrent.eu/</source>
    </extension>
    <extension point="xbmc.python.pluginsource" library="main.py">
        <provides>video</provides>
    </extension>
</addon> 