﻿<?xml version="1.0" encoding="UTF-8"?>
<addon id="plugin.video.czechflix"
version="1.0.0"
name="CzechFlix"
provider-name="Team CzechFlix">
    <requires>
        <import addon="xbmc.python" version="3.0.0" />
        <import addon="script.module.requests" version="2.22.0"/>
        <import addon="script.module.beautifulsoup4" version="4.6.2"/>
        <import addon="script.module.trakt" version="4.4.0"/>
    </requires>
    <extension point="xbmc.python.pluginsource" library="main.py">
        <provides>video</provides>
    </extension>
    <extension point="xbmc.addon.metadata">
        <summary lang="cs">CzechFlix</summary>
        <description lang="cs">Vyhledávání, přehrávání, stahování filmů a seriálů!</description>
        <assets>
            <icon>icon.png</icon>
        </assets>
    </extension>
</addon>
