<window id="12001">
    <defaultcontrol>10</defaultcontrol>
    <coordinates>
        <posx>400</posx>
        <posy>200</posy>
    </coordinates>
    <width>1080</width>
    <height>400</height>
    <controls>
        <image>
            <posx>40</posx>
            <posy>40</posy>
            <width>200</width>
            <height>200</height>
            <texture>trakt_logo.png</texture>
        </image>
        <label>
            <posx>260</posx>
            <posy>40</posy>
            <width>800</width>
            <height>60</height>
            <font>font30_title</font>
            <label>Trakt.tv - Přihlášení zařízení</label>
        </label>
        <label>
            <posx>260</posx>
            <posy>120</posy>
            <width>800</width>
            <height>60</height>
            <font>font24_title</font>
            <label>1. Otevřete stránku:</label>
        </label>
        <label id="2">
            <posx>260</posx>
            <posy>170</posy>
            <width>800</width>
            <height>40</height>
            <font>font24_title</font>
            <label>$INFO[Window.Property(trakt.url)]</label>
        </label>
        <label>
            <posx>260</posx>
            <posy>220</posy>
            <width>800</width>
            <height>60</height>
            <font>font24_title</font>
            <label>2. Zadejte kód:</label>
        </label>
        <label id="1">
            <posx>260</posx>
            <posy>270</posy>
            <width>800</width>
            <height>60</height>
            <font>font40_title</font>
            <align>center</align>
            <label>$INFO[Window.Property(trakt.code)]</label>
        </label>
        <button id="10">
            <posx>800</posx>
            <posy>340</posy>
            <width>200</width>
            <height>40</height>
            <label>Zrušit</label>
        </button>
    </controls>
</window> 